advarsel,-2
advarsler,-2
advarslerne,-2
ækel,-2
ækelt,-2
ækle,-2
ængstelig,-2
ængstelige,-2
ængstende,-2
æresvold,-2
ærgerlig,-2
ærgerligt,-2
ærgrelse,-2
afbrudt,-2
afbryde,-2
afbrydelse,-2
afbrydelser,-2
afbrydelserne,-2
afbryder,-2
aflivning,-2
aflivningen,-2
aflivninger,-2
aflivningerne,-2
aflyse,-2
aflyser,-2
aflyses,-2
aflyst,-2
aflyste,-2
aflystes,-2
afskedige,-2
afskediges,-2
afskediget,-2
afsky,-2
afskyede,-2
afskyelig,-2
afskyelige,-2
afskyeligt,-2
afskyet,-2
afskyr,-2
afspærre,-2
afspærrede,-2
afspærrer,-2
afspærret,-2
afspore,-2
afsporede,-2
afsporer,-2
afsporet,-2
afstandtagen,-2
aftalebrud,-2
afvise,-2
afviser,-2
afvisning,-2
afvisningen,-2
afvisninger,-2
afvisningerne,-2
afvist,-2
afviste,-2
aggression,-2
aggressioner,-2
aggressiv,-2
aggressive,-2
aggressivitet,-2
aggressivt,-2
akavet,-2
alarmerende,-2
alarmering,-2
alarmister,-2
allergisk,-2
altereret,-2
amok,-2
analfabet,-2
analfabeter,-2
analfabetisme,-2
anger,-2
angers,-2
angre,-2
angreb,-2
angrebet,-2
angrebskrig,-2
angribe,-2
angriber,-2
angst,-2
angste,-2
angsten,-2
angstens,-2
angstprovokerende,-2
anholdelse,-2
anholdelser,-2
anholdt,-2
anholdte,-2
anklage,-2
anklagede,-2
anklaget,-2
annullere,-2
annullerer,-2
annulleret,-2
annullering,-2
anspændt,-2
antagonistisk,-2
antihumanistisk,-2
apati,-2
apatiske,-2
apokalyptisk,-2
arbejdsløs,-2
arbejdsløshed,-2
arbejdsløsheden,-2
arbejdsløshedens,-2
arbejdsnedlæggelse,-2
arbejdsnedlæggelser,-2
arrogance,-2
arrogant,-2
arrogante,-2
bæst,-2
ballade,-2
ballademager,-2
bange,-2
bankerot,-2
barnlig,-2
barriere,-2
barsk,-2
barske,-2
barskere,-2
bastard,-2
bebrejde,-2
bebrejder,-2
bebyrde,-2
bebyrdet,-2
bedemandsansigt,-2
bedrag,-2
bedrage,-2
bedrager,-2
bedrageri,-2
bedrageriske,-2
bedraget,-2
bedrevidende,-2
bedrøve,-2
bedrøvet,-2
begræde,-2
behandlingskrævende,-2
beklagede,-2
beklagende,-2
beklager,-2
bekostelig,-2
bekymre,-2
bekymrede,-2
bekymrende,-2
bekymrer,-2
bekymring,-2
bekymringer,-2
bekymringerne,-2
belaste,-2
belastende,-2
belastning,-2
belastningen,-2
belastninger,-2
belastningerne,-2
benægte,-2
benægter,-2
benægtere,-2
benlås,-2
berøve,-2
berøvede,-2
berøvet,-2
berygtede,-2
besejret,-2
beskylde,-2
beskylder,-2
beskyldninger,-2
beskyldt,-2
bestikke,-2
bestride,-2
bestrides,-2
bestyrtelse,-2
bestyrtelsen,-2
bestyrtet,-2
besvær,-2
besværet,-2
besværlig,-2
besværligt,-2
betændt,-2
betænkelig,-2
betænkelige,-2
betænkelighed,-2
betænkeligt,-2
billethaj,-2
billethajer,-2
bitter,-2
bitterhed,-2
bittert,-2
bivirkning,-2
bivirkningen,-2
bivirkninger,-2
bivirkningerne,-2
bizarre,-2
bla,-2
blah,-2
blodige,-2
blødsøden,-2
blodsudgydelse,-2
blodsudgydelsen,-2
blodsudgydelser,-2
blodsudgydelserne,-2
blodtørstig,-2
blodtørstige,-2
blodtørstigt,-2
bølle,-2
bombe,-2
boring,-2
bortførelse,-2
bortførelser,-2
bortført,-2
bortvist,-2
boykot,-2
boykotte,-2
boykottet,-2
brand,-2
bras,-2
brokke,-2
brokkede,-2
brokker,-2
bryste,-2
byrde,-2
byrder,-2
censorere,-2
censur,-2
censureret,-2
chikane,-2
chikanerede,-2
chikaneret,-2
chok,-2
chokerende,-2
chokeret,-2
cover-up,-2
dårlig,-2
dårlige,-2
dårligste,-2
dårligt,-2
defekt,-2
defekte,-2
defekter,-2
dehumanisere,-2
dehumaniserende,-2
dehumaniseret,-2
delusional,-2
demoraliseret,-2
depression,-2
depressiv,-2
depressivt,-2
deprimerede,-2
deprimeret,-2
deroute,-2
derouten,-2
derouter,-2
derouteren,-2
desillusioneret,-2
desorienteret,-2
desperat,-2
desperate,-2
destruktion,-2
destruktive,-2
desværre,-2
diktatur,-2
diktature,-2
diktaturet,-2
diskriminere,-2
diskriminerede,-2
diskriminerende,-2
diskriminerer,-2
diskvalificere,-2
diskvalificerer,-2
diskvalificeret,-2
distrahere,-2
distraherer,-2
distraheret,-2
distraktion,-2
dø,-2
dobbeltmoral,-2
død,-2
døde,-2
dødsdømt,-2
dødsfald,-2
dødstruslen,-2
dødstrusler,-2
dødstruslerne,-2
dødstrussel,-2
dødt,-2
dødvande,-2
dolket,-2
doven,-2
dovenskab,-2
dovent,-2
drab,-2
drabet,-2
drabsforsøg,-2
dræbe,-2
dræber,-2
dræbt,-2
drænet,-2
droppede,-2
droppet,-2
drukne,-2
druknede,-2
drukner,-2
dud,-2
dum,-2
dumme,-2
dumpe,-2
dumpede,-2
dumpet,-2
dumsmart,-2
dumsmarte,-2
dumsmartere,-2
dumsmartest,-2
dumsmarteste,-2
dumt,-2
dyrtid,-2
dysfunktion,-2
dyster,-2
dystert,-2
dystre,-2
efterladte,-2
egoisme,-2
egoist,-2
egoister,-2
egoistisk,-2
egoistiske,-2
ekskludere,-2
ekskluderede,-2
ekskluderende,-2
ekskluderer,-2
elendig,-2
elendige,-2
elendighed,-2
elendigheden,-2
elendigt,-2
enraging,-2
ensom,-2
ensomme,-2
ensomt,-2
error,-2
fadæse,-2
fælde,-2
fængsel,-2
fængslet,-2
fake,-2
faking,-2
faldet,-2
fallit,-2
falliterklæring,-2
falliterklæringen,-2
falsk,-2
falske,-2
falskneriet,-2
fanatiker,-2
fanatikere,-2
fanden,-2
fandme,-2
fange,-2
fanger,-2
fanget,-2
farce,-2
fare,-2
farlig,-2
farligere,-2
farligst,-2
farligt,-2
fascist,-2
fascister,-2
fattig,-2
fattigdom,-2
fattige,-2
fattigere,-2
fattigst,-2
fattigste,-2
fattigt,-2
febrilsk,-2
febrilske,-2
fedterøv,-2
fej,-2
fejl,-2
fejlagtig,-2
fejlbarlig,-2
fejler,-2
fejlet,-2
fejlrapportering,-2
fejltagelse,-2
fejltagelsen,-2
fejltagelser,-2
fesen,-2
fesent,-2
fiasko,-2
fjende,-2
fjender,-2
fjenderne,-2
fjendskab,-2
fjendskabet,-2
fjendtlig,-2
fjendtligt,-2
flop,-2
flov,-2
fluekneppende,-2
flueknepper,-2
flueknepperi,-2
flueknepperiet,-2
fobisk,-2
følelsesløs,-2
forældede,-2
foragt,-2
foragte,-2
foragteligt,-2
foragtende,-2
forargede,-2
forarget,-2
forbande,-2
forbandet,-2
forbigået,-2
forbitrede,-2
forbrydelse,-2
forbrydelsen,-2
forbrydelser,-2
forbrydelserne,-2
forbud,-2
forbudt,-2
forbyde,-2
forbydes,-2
fordømme,-2
fordømmelse,-2
fordømmer,-2
fordømt,-2
fordreje,-2
fordrejer,-2
forfærdelige,-2
forfærdet,-2
forfalske,-2
forfalskede,-2
forfalskninger,-2
forfølge,-2
forfølger,-2
forfulgt,-2
forgæves,-2
forgifte,-2
forgiftede,-2
forgiftet,-2
forgreb,-2
forgribe,-2
forgriber,-2
forhadt,-2
forhaste,-2
forhastede,-2
forhastet,-2
forhindringer,-2
forhørt,-2
forkast,-2
forkaste,-2
forkastede,-2
forkastelig,-2
forkastelige,-2
forkasteligt,-2
forkaster,-2
forkastet,-2
forkert,-2
forkerte,-2
forklejne,-2
forklejnet,-2
forknyt,-2
forknytte,-2
forkrampede,-2
forlader,-2
forladte,-2
forlegenhed,-2
formane,-2
formanede,-2
fornærme,-2
fornærmelser,-2
fornærmende,-2
fornærmet,-2
fornærmethed,-2
forpint,-2
forpinte,-2
forpulede,-2
forpulet,-2
forpurre,-2
forpurret,-2
forråde,-2
forrådt,-2
forrådte,-2
forræderi,-2
forræderier,-2
forræderierne,-2
forræderiet,-2
forræderisk,-2
forræderiske,-2
forringelse,-2
forringelsen,-2
forringelser,-2
forringelserne,-2
forseelse,-2
forseelsen,-2
forseelser,-2
forseelserne,-2
forsinke,-2
forsinket,-2
forskelsbehandle,-2
forskelsbehandler,-2
forskelsbehandling,-2
forskelsbehandlingen,-2
forskelsbehandlingens,-2
forskrækkelse,-2
forskrækket,-2
forskræmt,-2
forskræmte,-2
forsømme,-2
forsømmelse,-2
forsømmer,-2
forsømt,-2
forsømte,-2
forstenede,-2
forstyrre,-2
forstyrrende,-2
forstyrrer,-2
forstyrret,-2
forsvarsløse,-2
fortørnet,-2
fortræd,-2
fortryde,-2
fortryder,-2
fortrydet,-2
fortvivlede,-2
fortvivlelse,-2
fortvivler,-2
forudindtaget,-2
forulempe,-2
forulempes,-2
forurener,-2
forureneren,-2
forurenerne,-2
forurenet,-2
forurening,-2
forureningen,-2
forurettede,-2
forurettet,-2
foruroligende,-2
foruroliget,-2
forværre,-2
forværrer,-2
forværres,-2
forværret,-2
forværring,-2
forvaring,-2
forvirre,-2
forvirrende,-2
forvirret,-2
forvirring,-2
forvise,-2
forvrænge,-2
forvrænget,-2
forvredet,-2
forvridende,-2
fosterskade,-2
fosterskaden,-2
fosterskader,-2
frarøver,-2
fraværende,-2
fremmedfjendsk,-2
fremmedfjendske,-2
fremmedgørelse,-2
fremmedhad,-2
fremmedhadet,-2
frigid,-2
frustration,-2
frustrationer,-2
frustrationerne,-2
frustrere,-2
frustrerede,-2
frustrerende,-2
frustrerer,-2
frygt,-2
frygtede,-2
frygtelig,-2
frygtelige,-2
frygten,-2
frygter,-2
frygtet,-2
frygtindgydende,-2
frygtsom,-2
frygtsomme,-2
frygtsomt,-2
fryse,-2
fryser,-2
fryste,-2
fuck,-2
fucked,-2
fy,-2
fy-ord,-2
fyre,-2
fyrede,-2
fyrer,-2
fyret,-2
fyring,-2
gæld,-2
gal,-2
gale,-2
galeanstalt,-2
galeanstalten,-2
galninge,-2
galskab,-2
galt,-2
genere,-2
generer,-2
generet,-2
gerningsmændene,-2
gerningsmand,-2
gerningsmanden,-2
gift,-2
giftstoffer,-2
glædesløst,-2
glemsom,-2
glemt,-2
godtroende,-2
godtroenhed,-2
grådige,-2
grådighed,-2
græde,-2
grædende,-2
grav,-2
greenwash,-2
greenwasher,-2
greenwashers,-2
greenwashing,-2
grim,-2
grimme,-2
grimmere,-2
grimmest,-2
grimmeste,-2
griseri,-2
groft,-2
grotesk,-2
grov,-2
grovere,-2
grovest,-2
gru,-2
grusomhed,-2
grusomheden,-2
grusomheder,-2
grusomhederne,-2
grusomme,-2
gusten,-2
gylle,-2
gys,-2
gysende,-2
gyst,-2
håbløs,-2
håbløse,-2
håbløshed,-2
håbløst,-2
hacke,-2
hacket,-2
hade,-2
hadede,-2
hadefuld,-2
hadefulde,-2
hadefuldt,-2
hader,-2
hadet,-2
hæmme,-2
hæmmet,-2
hærge,-2
hærgede,-2
hærger,-2
hærget,-2
hævn,-2
hævnen,-2
hævnens,-2
hævner,-2
hævnerne,-2
hævnet,-2
hævngerrig,-2
hævngerrige,-2
halsbetændelse,-2
halt,-2
halte,-2
haltede,-2
halter,-2
hån,-2
håne,-2
hånede,-2
hånet,-2
hånlig,-2
hårdeste,-2
harme,-2
hasarderet,-2
haters,-2
helvede,-2
helvedet,-2
henrette,-2
henrettede,-2
henrettelse,-2
henrettelsen,-2
henrettelser,-2
henrettelserne,-2
henretter,-2
henrettet,-2
hensynsløs,-2
hidse,-2
hidsig,-2
hidsige,-2
hidsigt,-2
hindring,-2
hjælpeløs,-2
hjemmerøver,-2
hjemmerøveri,-2
hjemve,-2
hjernedød,-2
hjernedødt,-2
hjernevask,-2
hjernevaskede,-2
hjernevasket,-2
hjerteskærende,-2
højtråbende,-2
hooligan,-2
hooliganisme,-2
hooligans,-2
hore,-2
hormonlidelse,-2
hormonlidelsen,-2
hormonlidelser,-2
hormonlidelserne,-2
horribel,-2
horribelt,-2
hovedpine,-2
hovedpinen,-2
hovedrystende,-2
hovere,-2
hoverende,-2
hoveret,-2
hulkende,-2
humorforladt,-2
humørsvingning,-2
humørsvingningen,-2
humørsvingninger,-2
humørsvingningerne,-2
hvidvaske,-2
hvidvaskede,-2
hvidvasket,-2
hykler,-2
hyklere,-2
hykleren,-2
hyklerene,-2
hyklerisk,-2
hykleriske,-2
hysteri,-2
hysterianfald,-2
hysteriske,-2
idc,-2
idiot,-2
idioten,-2
idiotens,-2
idioter,-2
idioterne,-2
idioters,-2
idiotisk,-2
idiotiske,-2
idømt,-2
idømte,-2
ignorere,-2
ignorerede,-2
ignorerer,-2
ignoreret,-2
ikke-forsikrede,-2
ikke-forsikret,-2
ikke-godkendt,-2
ikke-godkendte,-2
ildevarslende,-2
impotent,-2
indignation,-2
indignationen,-2
indigneret,-2
indoktrinere,-2
indoktrinerer,-2
indoktrineret,-2
ineffektiv,-2
ineffektive,-2
ineffektivt,-2
inficere,-2
inficerede,-2
inficeret,-2
influenza,-2
injurierende,-2
inkompetence,-2
inkompetencen,-2
inkompetent,-2
inkompetente,-2
inkonsekvens,-2
inkonsekvent,-2
inkvisition,-2
interessekonflikt,-2
interessekonflikten,-2
interessekonflikter,-2
interessekonflikterne,-2
intimidere,-2
intimiderer,-2
intimideret,-2
intimidering,-2
intolerance,-2
intolerancen,-2
intolerancens,-2
intolerant,-2
intolerante,-2
irrationel,-2
irrelevant,-2
irrelevante,-2
irreversibel,-2
irritabel,-2
irritabilitet,-2
irritable,-2
irritere,-2
irriterende,-2
irriterer,-2
irriteret,-2
islamofob,-2
islamofobi,-2
jaloux,-2
jammerlig,-2
jammerlige,-2
jammerligt,-2
jobhopper,-2
jobtab,-2
jokke,-2
jokkede,-2
jokker,-2
jokket,-2
jubelidiot,-2
kæmpede,-2
kæmper,-2
kæphøj,-2
kantet,-2
kaos,-2
kaotisk,-2
kaotiske,-2
kapret,-2
kassere,-2
kasserer,-2
kasseres,-2
katastrofal,-2
katastrofale,-2
katastrofe,-2
katastrofer,-2
katastroferisici,-2
ked,-2
kedelig,-2
kedelige,-2
kedeligt,-2
keder,-2
kedsomhed,-2
kedsommelig,-2
kedsommeligt,-2
klage,-2
klagede,-2
klagen,-2
klager,-2
klam,-2
klamme,-2
klamt,-2
klandret,-2
klasseforræder,-2
klø,-2
kløende,-2
klovner,-2
klynk,-2
knarvorn,-2
kneblet,-2
knust,-2
kollapse,-2
kollapsede,-2
kollapser,-2
kollidere,-2
kolliderede,-2
kolliderer,-2
kollision,-2
kollisioner,-2
konflikt,-2
konflikter,-2
konfliktfyldt,-2
konfrontatorisk,-2
konfrontatoriske,-2
konkurrenceudsatte,-2
konkurs,-2
konkurser,-2
kontrovers,-2
kontroversen,-2
kontroverser,-2
kontroverserne,-2
korrupt,-2
korrupte,-2
korruptes,-2
korruption,-2
korruptionen,-2
kortsigtet,-2
kortsynethed,-2
kræft,-2
krænke,-2
krænkelig,-2
krænkelse,-2
krænkelsen,-2
krænkelser,-2
krænkelserne,-2
krænker,-2
krænket,-2
kraftedme,-2
kraftedmig,-2
krig,-2
krigerisk,-2
krigsførelse,-2
kriminalitet,-2
kriminaliteten,-2
kriminelle,-2
krise,-2
krisen,-2
kriser,-2
kriserne,-2
kritik,-2
kritiker,-2
kritikere,-2
kritikerne,-2
kritikken,-2
kritisabel,-2
kritisabelt,-2
kritisable,-2
kritisere,-2
kritiserede,-2
kritiseredes,-2
kritiserende,-2
kritiserer,-2
kritiseres,-2
kritiseret,-2
kujon,-2
kulegraves,-2
kvælning,-2
kvæste,-2
kvæstede,-2
kvæstende,-2
kvæstet,-2
kvalme,-2
kvalmen,-2
kvalt,-2
kvalte,-2
kyniker,-2
kynisk,-2
kynisme,-2
landsbytosse,-2
landsbytossen,-2
landsbytosser,-2
landsforræder,-2
landsforræderi,-2
landsforræderiet,-2
landsforræderisk,-2
landsforræderiske,-2
latterlig,-2
latterlige,-2
latterligt,-2
leflen,-2
lefler,-2
leflet,-2
lemfældig,-2
lemfældigt,-2
levebrødspolitiker,-2
levebrødspolitikere,-2
levebrødspolitikeren,-2
levebrødspolitikerne,-2
lidelse,-2
lidelsen,-2
lidelser,-2
lidelserne,-2
lider,-2
ligeglad,-2
ligeglade,-2
ligegyldig,-2
ligegyldighed,-2
ligegyldigt,-2
livslede,-2
livstruende,-2
lobbisme,-2
lobby,-2
lobbyisme,-2
lobbyvirksomhed,-2
løftebrud,-2
løftebrudene,-2
løftebrudet,-2
løgn,-2
løgne,-2
løgner,-2
løgnere,-2
lort,-2
lorte,-2
lortehoved,-2
lortet,-2
lugter,-2
luskede,-2
lusket,-2
lyve,-2
lyver,-2
magtesløs,-2
magtesløshed,-2
magtesløsheden,-2
magtesløst,-2
mainsplain,-2
mainsplaine,-2
makværk,-2
makværker,-2
makværket,-2
malplaceret,-2
mandschauvinisme,-2
mandschauvinismen,-2
mandschauvinist,-2
mandschauvinister,-2
mangelvare,-2
manipulation,-2
manipulere,-2
manipuleret,-2
mansplaining,-2
medieliderlig,-2
medieliderlige,-2
medlidenhed,-2
medløbere,-2
medløberne,-2
melankoli,-2
mened,-2
meningsfisse,-2
meningsfissen,-2
meningsfisserne,-2
meningsløs,-2
meningsløse,-2
meningsløst,-2
menneskefjendsk,-2
menneskefjendske,-2
menneskefjendtlighed,-2
menneskehad,-2
menneskehaderne,-2
menneskehadet,-2
menneskehandel,-2
menneskehandler,-2
menneskehandlerne,-2
menneskerhader,-2
midtvejskrise,-2
midtvejskrisen,-2
midtvejskrisens,-2
midtvejskriser,-2
midtvejskriserne,-2
miljøproblem,-2
misbrug,-2
misbrugene,-2
misbruger,-2
misbruget,-2
misbrugt,-2
misbrugte,-2
misdannelse,-2
misdannelsen,-2
misdannelser,-2
misdannelserne,-2
misforstå,-2
misforståelse,-2
misforstået,-2
misforstår,-2
misfortolket,-2
mishandle,-2
mishandlede,-2
mishandledes,-2
mishandler,-2
mishandlerne,-2
mishandles,-2
mishandlet,-2
misinformation,-2
misinformeret,-2
miskmask,-2
miskreditere,-2
miskrediterede,-2
miskrediteres,-2
miskrediteret,-2
mislykkedes,-2
mislykkes,-2
mismod,-2
mismodig,-2
mismodige,-2
miss,-2
misse,-2
misset,-2
mistænkelig,-2
mistænkelige,-2
miste,-2
mistede,-2
mister,-2
mistet,-2
mistillid,-2
mistrives,-2
mistroisk,-2
mistroiske,-2
misunde,-2
misundelig,-2
misundeligt,-2
misundelse,-2
misundelsen,-2
mobbe,-2
mobbede,-2
mobbet,-2
mobning,-2
mobningen,-2
modarbejde,-2
modarbejdede,-2
modarbejdelse,-2
modarbejder,-2
modbydelig,-2
modbydelige,-2
modbydeligt,-2
modfalden,-2
modfaldent,-2
modfaldne,-2
modløs,-2
modløst,-2
modstander,-2
modstandere,-2
modstanderen,-2
modstridende,-2
modvilje,-2
modviljen,-2
møg,-2
møgfisse,-2
møgkælling,-2
møgluder,-2
møgso,-2
møgspand,-2
mongering,-2
monopolisere,-2
monopoliserer,-2
monopoliseret,-2
mord,-2
morder,-2
morderiske,-2
mordet,-2
mørkeste,-2
mukkede,-2
mukker,-2
muslimlort,-2
mut,-2
myrdede,-2
myrder,-2
myrdet,-2
n00b,-2
nægte,-2
nægtede,-2
nægter,-2
nægtet,-2
nærig,-2
nærigt,-2
naiv,-2
naive,-2
naivt,-2
nar,-2
naragtig,-2
naragtigt,-2
narcissisme,-2
narcissistisk,-2
narcissistiske,-2
narhat,-2
narre,-2
narres,-2
narret,-2
narrøv,-2
nasse,-2
nassede,-2
nasser,-2
nedbrud,-2
nedbrudt,-2
nedbrudte,-2
nedbryde,-2
nedbryder,-2
nederen,-2
nedgjorde,-2
nedgjort,-2
nedgør,-2
nedgøre,-2
nedsættende,-2
nedskæring,-2
nedskæringen,-2
nedskæringer,-2
nedskæringerne,-2
nedslående,-2
nedslået,-2
nedtur,-2
nedværdige,-2
nedværdigende,-2
nedværdiget,-2
nedvurderer,-2
nedvurderet,-2
negativ,-2
negative,-2
negativitet,-2
negativt,-2
nervøs,-2
nervøse,-2
nervøst,-2
nøden,-2
nødsituation,-2
nødsituationen,-2
nødsituationerne,-2
nødstedt,-2
nødstedte,-2
nødtvungen,-2
nødtvungent,-2
nonsens,-2
noob,-2
nub,-2
obskøne,-2
ødelægge,-2
ødelæggende,-2
ødelægger,-2
ødelagt,-2
ødelagte,-2
offer,-2
offeret,-2
offergørelse,-2
ofre,-2
ofrene,-2
ofret,-2
omstridt,-2
omstridte,-2
ond,-2
onde,-2
ondskabsfulde,-2
ondt,-2
opbragt,-2
opbrugt,-2
opgive,-2
opgivende,-2
opgiver,-2
opgivet,-2
ophidse,-2
ophidset,-2
oprør,-2
oprørende,-2
oprørsk,-2
oprørt,-2
opsige,-2
optøjer,-2
optøjerne,-2
øredøvende,-2
øv,-2
overbelastning,-2
overdrev,-2
overdrevet,-2
overdrevne,-2
overdrive,-2
overdrivelse,-2
overdrivelser,-2
overdriver,-2
overdrivet,-2
overfakturering,-2
overflødig,-2
overflødige,-2
overflødiggjorde,-2
overflødiggjordt,-2
overflødiggør,-2
overflødiggøre,-2
overflødigt,-2
overforenkler,-2
overforenklet,-2
overforenkling,-2
overpris,-2
overreagere,-2
overreagerede,-2
overreagerer,-2
overreageret,-2
overreaktion,-2
overser,-2
overset,-2
overtrådt,-2
overtrådte,-2
overtrædelse,-2
overtrædelsen,-2
overtrædelsens,-2
overtrædelser,-2
overtrædelserne,-2
overvægtig,-2
overvægtige,-2
pædofile,-2
pædofili,-2
panik,-2
panikanfald,-2
panikanfaldet,-2
panikken,-2
panikker,-2
paranoia,-2
paranoid,-2
paranoisk,-2
parodi,-2
parodier,-2
partisk,-2
partiskhed,-2
partiskheden,-2
patetisk,-2
pauseklovn,-2
pauseklovnen,-2
pengegris,-2
pengegrisk,-2
pengegriske,-2
perspektivløs,-2
perspektivløse,-2
perspektivløst,-2
pessimisme,-2
pessimismen,-2
pessimistisk,-2
pikeret,-2
pikhoved,-2
pikhovedet,-2
pikslikker,-2
pinefuld,-2
pinefulde,-2
pinefuldt,-2
piner,-2
pinlig,-2
pinligere,-2
pinligst,-2
pinligt,-2
pinte,-2
pis,-2
pisse,-2
pissesur,-2
pisset,-2
pøbel,-2
pøblen,-2
pokkers,-2
politianmeldelse,-2
politianmeldelsen,-2
politianmeldelser,-2
politianmeldelserne,-2
politianmeldet,-2
politianmeldt,-2
politikerliderlig,-2
politikerliderlige,-2
pralende,-2
presset,-2
problem,-2
problematisk,-2
problematiske,-2
problemer,-2
problemerne,-2
problemet,-2
propaganda,-2
propagandaen,-2
protest,-2
protesten,-2
protester,-2
protestere,-2
protesterende,-2
protesterer,-2
protesteret,-2
protestoptøjer,-2
provokere,-2
provokerende,-2
provokerer,-2
provokeres,-2
provokeret,-2
pseudovidenskab,-2
pseudovidenskabeligt,-2
pseudovidenskaberne,-2
rablende,-2
rablerier,-2
racisme,-2
racismen,-2
racismens,-2
racist,-2
racister,-2
racisterne,-2
racistisk,-2
racistiske,-2
rådden,-2
råddent,-2
radigale,-2
rådvild,-2
rådvildt,-2
rædselsslagne,-2
rædselsvækkende,-2
rager,-2
ramaskrig,-2
ramaskriget,-2
ramt,-2
rase,-2
rasende,-2
raser,-2
raseri,-2
raseriet,-2
rastløs,-2
ravage,-2
respektløs,-2
respektløshed,-2
respektløst,-2
restriktiv,-2
restriktive,-2
restriktivt,-2
retard,-2
retarderet,-2
retarderne,-2
retards,-2
rethaverisk,-2
retsforfølge,-2
retsforfølger,-2
retsforfølges,-2
retsforfulgt,-2
returkommission,-2
returkommissionen,-2
revet,-2
revser,-2
revset,-2
ringe,-2
ringere,-2
risici,-2
risikere,-2
risikerede,-2
risikerer,-2
risikeret,-2
risiko,-2
risikomoment,-2
risikomomenter,-2
rod,-2
rodet,-2
røv,-2
røve,-2
røvede,-2
røver,-2
røvet,-2
røvhul,-2
røvhuller,-2
røvhullet,-2
røvligeglad,-2
rugende,-2
ruin,-2
ruiner,-2
ruinere,-2
ruineret,-2
rysten,-2
rystende,-2
sabotage,-2
sabotere,-2
saboterede,-2
saboterer,-2
saboteret,-2
sagsøg,-2
sagsøge,-2
sagsøger,-2
sagsøgt,-2
sammenbrud,-2
sammenbrudet,-2
sammenbrudt,-2
sammenstød,-2
sammenstødet,-2
sammensværgelse,-2
samvittighedsløs,-2
samvittighedsløst,-2
sår,-2
sårbar,-2
sårbarhed,-2
sårbarheden,-2
sårbart,-2
sårede,-2
sarkastisk,-2
sarkastiske,-2
satan,-2
satans,-2
sateme,-2
satme,-2
savn,-2
savne,-2
savnet,-2
selvforherligelse,-2
selvisk,-2
selviskhed,-2
selviskt,-2
selvmelidenhed,-2
selvmodsigende,-2
selvmodsiger,-2
selvmord,-2
selvmorderne,-2
selvmordet,-2
selvmordsrate,-2
selvmordsraten,-2
selvmordsraterne,-2
selvmordstanker,-2
selvmordstruet,-2
selvtilfreds,-2
selvtilfredse,-2
selvynk,-2
selvynkende,-2
sexisme,-2
sexismen,-2
sexist,-2
sexistisk,-2
sexistiske,-2
sexmisbrug,-2
sexmisbruget,-2
sexmisbrugt,-2
sexmishandlet,-2
sexmishandling,-2
sexmishandlingen,-2
shit,-2
simplificere,-2
simplificeret,-2
simplificering,-2
sindssyg,-2
sindssyge,-2
sindssygt,-2
sinke,-2
sjuske,-2
sjuskede,-2
sjusker,-2
sjusket,-2
skade,-2
skadefro,-2
skadefryd,-2
skadelig,-2
skadeligt,-2
skaden,-2
skader,-2
skaderne,-2
skadet,-2
skæbnesvanger,-2
skælde,-2
skælder,-2
skældte,-2
skælven,-2
skælvende,-2
skændsel,-2
skam,-2
skamfuld,-2
skamfulde,-2
skamme,-2
skammelige,-2
skandale,-2
skandalen,-2
skandaler,-2
skandaleramt,-2
skandaleramte,-2
skandalerne,-2
skandaløs,-2
skandaløse,-2
skandaløst,-2
sked,-2
skepsis,-2
skeptiker,-2
skeptikere,-2
skeptisk,-2
skide,-2
skidebange,-2
skider,-2
skidt,-2
skindemokrati,-2
skingre,-2
skingrende,-2
skødesløse,-2
skødesløst,-2
skoletræt,-2
skoletrætte,-2
skør,-2
skøreste,-2
skørt,-2
skoser,-2
skrækslagen,-2
skrækslagne,-2
skræmme,-2
skræmmende,-2
skræmt,-2
skreg,-2
skrid,-2
skrig,-2
skrige,-2
skrigende,-2
skuddrab,-2
skuddrabene,-2
skuffe,-2
skuffelse,-2
skuffelsen,-2
skuffelser,-2
skuffende,-2
skuffer,-2
skuffet,-2
skyde,-2
skydeskive,-2
skydeskiven,-2
skyld,-2
skylden,-2
skyldige,-2
slået,-2
slagskygge,-2
slagskyggen,-2
slave,-2
slavebinder,-2
slaver,-2
slaveri,-2
slaveriet,-2
slem,-2
slemme,-2
slemmest,-2
slemmeste,-2
slidt,-2
slidte,-2
slørede,-2
sløv,-2
sløvhed,-2
sløvt,-2
slukøret,-2
smerte,-2
smerten,-2
smertende,-2
smertens,-2
smitsom,-2
smitte,-2
smittede,-2
smitten,-2
smitter,-2
smittet,-2
smog,-2
smuldrede,-2
smuldret,-2
snavs,-2
snavset,-2
snoksov,-2
snoksover,-2
snoksovet,-2
snyde,-2
snyder,-2
snydere,-2
snydt,-2
so,-2
son-of-a-bitch,-2
sorg,-2
sørgelige,-2
sorgen,-2
sorger,-2
sorgfuld,-2
sorgfulde,-2
søvnløs,-2
søvnløshed,-2
søvnløst,-2
spædbørnsdød,-2
spage,-2
spam,-2
spammer,-2
spammere,-2
spamming,-2
spekulant,-2
spekulativ,-2
spekulativt,-2
spilder,-2
spildt,-2
spildte,-2
stædig,-2
stak,-2
statsdiktatur,-2
stereotype,-2
stikke,-2
stiksår,-2
stjæle,-2
stjæler,-2
stjålent,-2
stjålet,-2
stød,-2
stodder,-2
stødte,-2
støjende,-2
storhedsvanvid,-2
storhedsvanviddet,-2
storsnudede,-2
storsnudet,-2
straf,-2
straffe,-2
straffende,-2
straffer,-2
straffes,-2
strafudmåling,-2
strafudmålingen,-2
strafudmålingerne,-2
strejkende,-2
strejker,-2
streng,-2
strengt,-2
stress,-2
stressfaktorer,-2
strid,-2
stride,-2
stridende,-2
strider,-2
stridig,-2
stridighed,-2
stridigheden,-2
stridighedens,-2
stridigt,-2
stupid,-2
stupide,-2
stupiditet,-2
stupidt,-2
suck,-2
sucks,-2
suk,-2
sukke,-2
sukkede,-2
sult,-2
sulte,-2
sultende,-2
sur,-2
sure,-2
surest,-2
sureste,-2
surt,-2
suspender,-2
suspendere,-2
suspenderet,-2
sværere,-2
sværest,-2
sværeste,-2
svært,-2
svag,-2
svage,-2
svagest,-2
svageste,-2
svaghed,-2
svagheden,-2
svagt,-2
svig,-2
svigagtig,-2
svigte,-2
svigtede,-2
svigter,-2
svigtet,-2
svimmel,-2
svimmelhed,-2
svindel,-2
svindlere,-2
svindlerne,-2
svindlet,-2
syg,-2
sygdom,-2
sygdomme,-2
sygdommen,-2
sygdommene,-2
sygdommenes,-2
sygdommes,-2
sygdoms,-2
syge,-2
sygeliggjorde,-2
sygeliggjort,-2
sygeliggør,-2
sygeliggøre,-2
sygeliggørelse,-2
sygeliggørelsen,-2
sygt,-2
syndebuk,-2
syndebukke,-2
syndebukken,-2
syndebukkene,-2
syndige,-2
tab,-2
tabe,-2
tåbe,-2
tåbelig,-2
tåbeligt,-2
taber,-2
tåber,-2
tåberne,-2
tabt,-2
tæske,-2
tæskede,-2
tæsket,-2
tæv,-2
tæve,-2
tæver,-2
talentløs,-2
talentløst,-2
tandløs,-2
tankeløs,-2
tankeløst,-2
tårer,-2
terror,-2
terrorisere,-2
terroriserer,-2
terroriseret,-2
tidsnød,-2
tilbageholde,-2
tilbageholdelse,-2
tilbageholdt,-2
tilbagetrækning,-2
tilsidesætter,-2
tilsløres,-2
tilsværte,-2
tilsværtede,-2
tilsværtes,-2
tilsværtet,-2
tøffelhelt,-2
tøffelhelte,-2
tøjkrise,-2
tømmermænd,-2
tømmermændene,-2
tornede,-2
tortur,-2
torturere,-2
torturerer,-2
tortureret,-2
totalitære,-2
totalitærisk,-2
totalitarisme,-2
totalitarismen,-2
tøve,-2
tøvende,-2
tøvet,-2
træg,-2
trælbinde,-2
trængende,-2
trængsler,-2
træt,-2
træthed,-2
trætte,-2
trættende,-2
tragedie,-2
tragedien,-2
tragisk,-2
tragiske,-2
traumatisk,-2
traumatiske,-2
traume,-2
traumer,-2
traumerne,-2
trist,-2
triste,-2
trøstesløst,-2
truede,-2
truende,-2
truer,-2
trues,-2
truet,-2
trusler,-2
truslerne,-2
trussel,-2
tugte,-2
tugter,-2
tumor,-2
tungsind,-2
tungsindet,-2
tvang,-2
tvangsauktion,-2
tvangsauktionen,-2
tvangsauktioner,-2
tvangsauktioneret,-2
tvangsauktionerne,-2
tvist,-2
tvister,-2
tvistet,-2
tvivlsom,-2
tvivlsomme,-2
tvivlsomt,-2
tvunget,-2
uacceptabel,-2
uacceptabelt,-2
uægte,-2
uærlig,-2
uanstændig,-2
uanstændige,-2
uanstændigt,-2
uansvarlig,-2
uansvarlige,-2
uansvarligt,-2
uarbejdsdygtig,-2
uartig,-2
ubarmhjertig,-2
ubegavede,-2
ubegavet,-2
ubehagelig,-2
ubehagelige,-2
ubehagelighed,-2
ubehageligheder,-2
ubehagelighederne,-2
ubehageligt,-2
ubelejligt,-2
uberegnelig,-2
uberegnelige,-2
ubeslutsom,-2
ubeslutsomme,-2
ubesvarede,-2
ubetænksom,-2
ubetænksomt,-2
ubetydelig,-2
ubrugelig,-2
ubrugeligt,-2
uddrive,-2
udeblev,-2
udebliver,-2
udelukke,-2
udelukkelse,-2
udelukket,-2
udmanøvreret,-2
udnytter,-2
udnyttes,-2
udnyttet,-2
udsatte,-2
udsigtsløs,-2
udskældt,-2
udskældte,-2
udslæt,-2
udslette,-2
udslettet,-2
udsultet,-2
udvise,-2
uelskelige,-2
uelsket,-2
uelskværdig,-2
uelskværdige,-2
uelskværdigt,-2
uempatisk,-2
uempatiske,-2
uenighed,-2
uenigheden,-2
uenigheder,-2
uenighederne,-2
uetisk,-2
uetiske,-2
ufokuserede,-2
ufokuseret,-2
ufølsom,-2
ufølsomhed,-2
uforknyt,-2
uforknytte,-2
uforsigtig,-2
uforsigtige,-2
uforsigtighed,-2
uforsigtigt,-2
ufrivillig,-2
ufrivillige,-2
ufrivilligt,-2
ufuldkommen,-2
ugudelige,-2
ugunstig,-2
ugunstige,-2
ugunstigt,-2
uheld,-2
uheldet,-2
uheldig,-2
uheldigt,-2
uhyggelig,-2
uhyggelige,-2
uhyggelighederne,-2
uhyggeligt,-2
uindbydende,-2
uintelligent,-2
uintelligente,-2
uklar,-2
uklare,-2
uklart,-2
ukritisk,-2
ukritiske,-2
ulækker,-2
ulækkert,-2
ulejlighed,-2
ulempe,-2
ulemperne,-2
ulovlig,-2
ulovlige,-2
ulovligt,-2
ulykke,-2
ulykkelig,-2
ulykkelige,-2
ulykken,-2
ulykker,-2
umenneskelig,-2
umenneskelige,-2
umenneskeliggjorde,-2
umenneskeliggjort,-2
umenneskeliggør,-2
umenneskeliggøre,-2
umenneskeligt,-2
umorsom,-2
umorsomme,-2
umotiveret,-2
umulig,-2
umulige,-2
umuligt,-2
undergrave,-2
undergravende,-2
undergravet,-2
underlige,-2
underligt,-2
undermenneske,-2
undermennesker,-2
underminere,-2
underminerer,-2
undermineret,-2
underskud,-2
underskudet,-2
undertrykkende,-2
undertrykt,-2
undertrykte,-2
undlade,-2
undlader,-2
undladet,-2
undladt,-2
undlod,-2
undsagde,-2
undsagt,-2
undsige,-2
undsiger,-2
undtagelsestilstand,-2
undtagelsestilstanden,-2
uønsket,-2
uopfyldt,-2
uopfyldte,-2
uoprettelig,-2
uorden,-2
uordenlig,-2
uordenligt,-2
uorganiserede,-2
uorganiseret,-2
uoverskuelig,-2
uoverskuelige,-2
uoverskueligt,-2
upræcis,-2
upræcise,-2
upræcist,-2
uprofessionel,-2
uprofessionelle,-2
uprofessionelt,-2
uretfærdig,-2
uretfærdighed,-2
uretmæssig,-2
uretmæssige,-2
uretmæssigt,-2
urimelig,-2
urimeligt,-2
uro,-2
uroen,-2
urolig,-2
uroligheder,-2
urolighederne,-2
uroligt,-2
usaglig,-2
usaglige,-2
usagligt,-2
usammenhængende,-2
usand,-2
usande,-2
usandt,-2
useriøs,-2
useriøse,-2
useriøst,-2
usikker,-2
usikkerhed,-2
usikkerheden,-2
usikkert,-2
uskik,-2
uskikken,-2
usle,-2
usmagelig,-2
usmagelige,-2
usmageligt,-2
usmart,-2
usmarte,-2
usofistikerede,-2
usofistikeret,-2
usolidarisk,-2
usolidariske,-2
usømmelig,-2
usømmelige,-2
usømmeligt,-2
uspændende,-2
uspiselig,-2
uspiselige,-2
uspiseligt,-2
ussel,-2
usselt,-2
ustabil,-2
ustabile,-2
ustabilt,-2
usund,-2
usunde,-2
usundhed,-2
usundheden,-2
usundt,-2
usympatisk,-2
usympatiske,-2
utak,-2
utakken,-2
utaknemmelig,-2
utaknemmelighed,-2
utaknemmeligheden,-2
utaknemmeligt,-2
utålmodig,-2
utålmodige,-2
utålmodigt,-2
utidig,-2
utidige,-2
utidighed,-2
utidigt,-2
utidssvarende,-2
utilbøjelig,-2
utilbøjelighed,-2
utilbøjeligt,-2
utilfreds,-2
utilfredse,-2
utilfredshed,-2
utilfredsheden,-2
utilfredsstillende,-2
utilgivelig,-2
utilgiveligt,-2
utilladelig,-2
utilladelige,-2
utilladeligt,-2
utilpas,-2
utilpashed,-2
utilpassede,-2
utilpasset,-2
utilrådelig,-2
utilrådelige,-2
utilrådeligt,-2
utilregnelig,-2
utilregnelige,-2
utilregnelighed,-2
utilregneligt,-2
utilsigtede,-2
utilsigtet,-2
utilstrækkelig,-2
utilstrækkelige,-2
utilstrækkelighed,-2
utilstrækkeligt,-2
utiltalende,-2
utiltrækkende,-2
utjekkede,-2
utjekket,-2
uværdig,-2
uværdige,-2
uværdigt,-2
uvidende,-2
uvidenhed,-2
uvidenskablelig,-2
uvidenskablelige,-2
uvidenskableligt,-2
vægelsindede,-2
vægelsindet,-2
væmmelse,-2
væmmelsen,-2
værdiløs,-2
værdiløst,-2
værre,-2
værst,-2
værste,-2
vag,-2
vagt,-2
vanæret,-2
vanskelig,-2
vanskelighed,-2
vanskeligheder,-2
vanskeligst,-2
vanskeligt,-2
vantro,-2
vanvid,-2
vanvidsbilist,-2
vanvidsbilister,-2
vanvittig,-2
vanvittige,-2
vanvittigste,-2
vanvittigt,-2
vås,-2
velfærdstruet,-2
vemod,-2
vemodig,-2
vemodighed,-2
vemodigt,-2
vildledende,-2
vildledning,-2
vildrede,-2
virulent,-2
vold,-2
voldelig,-2
voldelige,-2
voldshandling,-2
voldshandlinger,-2
voldshandlingerne,-2
voldsom,-2
voldsomme,-2
voldsomt,-2
voldtægt,-2
voldtægter,-2
voldtægterne,-2
voldtægtsforbryder,-2
voldtægtsoffer,-2
voldtægtsofre,-2
voldtage,-2
vrag,-2
vred,-2
vrede,-2
vredt,-2
vulgær,-2
vulgært,-2
vulgaritet,-2
vulgariteter,-2
wtf,-2
ydmyge,-2
ydmygede,-2
ydmygelse,-2
ydmygelser,-2
ydmygelserne,-2
ydmygende,-2
ydmyget,-2
ynkelig,-2
ynkelige,-2
ynkeligt,-2
ynkværdig,-2
ynkværdige,-2
TRUE,-2
advare,-1
advarede,-1
advarer,-1
advaret,-1
affald,-1
afgift,-1
afgifter,-1
afhængig,-1
afhængige,-1
afsløre,-1
afslører,-1
afsløret,-1
afsmitning,-1
afvigende,-1
alarm,-1
aldrig,-1
alene,-1
anmelde,-1
anmeldt,-1
anmeldte,-1
anti,-1
begrænse,-1
begrænsede,-1
begrænser,-1
begrænset,-1
begrænsning,-1
begravelse,-1
begravelser,-1
bekæmpe,-1
bekæmper,-1
beruset,-1
besat,-1
bidende,-1
bisse,-1
blæser,-1
blind,-1
blokere,-1
blokeret,-1
blokering,-1
blokke,-1
braste,-1
briste,-1
brød,-1
brudt,-1
bryster,-1
deaktivering,-1
demonstraten,-1
demonstrater,-1
demonstraterne,-1
demonstration,-1
dilemma,-1
dom,-1
domme,-1
drop,-1
dyrt,-1
dysterhed,-1
efterlade,-1
ensporet,-1
faldende,-1
fjollede,-1
fjollet,-1
flygter,-1
forbigå,-1
foregive,-1
foregiver,-1
forført,-1
forhindre,-1
forhindrer,-1
forkælet,-1
forklæder,-1
forklædt,-1
forlade,-1
forplumret,-1
forsimple,-1
forsimplet,-1
forsimplede,-1
forsvandt,-1
forsvinde,-1
forsvinder,-1
forundret,-1
fratrådt,-1
fratræde,-1
fratrædelse,-1
fratræder,-1
fremprovokere,-1
fritaget,-1
genert,-1
glemme,-1
grå,-1
grænser,-1
halvkvalt,-1
halvpinlig,-1
halvpinligt,-1
hard,-1
hektisk,-1
hektiske,-1
hjemsøge,-1
hjemsøger,-1
hjemsøgte,-1
højlydt,-1
højrøstet,-1
hørm,-1
hørme,-1
ilde,-1
immobiliseret,-1
imod,-1
indviklede,-1
indviklet,-1
intriger,-1
ironisk,-1
isolerede,-1
isoleret,-1
jaja,-1
kamp,-1
kampe,-1
klovn,-1
klovne,-1
knubs,-1
knuse,-1
knuser,-1
knusning,-1
kølighed,-1
køligt,-1
kontroversiel,-1
kontroversielle,-1
kontroversielt,-1
krævede,-1
krævende,-1
krampe,-1
krav,-1
kriminalretsag,-1
lækage,-1
lækket,-1
lavest,-1
loom,-1
løsrevet,-1
losseplads,-1
lossepladsen,-1
lossepladser,-1
lukning,-1
lukninger,-1
lure,-1
lurer,-1
mærkeligere,-1
mærkeligst,-1
mærkeligt,-1
mangel,-1
manglen,-1
mangler,-1
middelmådig,-1
middelmådighed,-1
middelmådigt,-1
mistænkte,-1
mistanke,-1
mørke,-1
myte,-1
nationalistisk,-1
nationalistiske,-1
nedlægge,-1
nedlægger,-1
nedlægges,-1
nedskrive,-1
nej,-1
nerver,-1
nøjeregnende,-1
obligatorisk,-1
obligatoriske,-1
omdiskuteret,-1
omkostning,-1
omkostninger,-1
omkostningerne,-1
ømme,-1
ømt,-1
opsagt,-1
optaget,-1
overvægt,-1
overvægten,-1
pålægge,-1
pålægger,-1
pålægges,-1
pålagde,-1
pålagt,-1
paradoks,-1
paradoksalt,-1
passiv,-1
passivitet,-1
passivt,-1
påvirket,-1
plage,-1
plaget,-1
presserende,-1
privilegerede,-1
priviligerede,-1
råb,-1
råber,-1
råbte,-1
regnfuld,-1
retsforfølgning,-1
retssag,-1
retssager,-1
sinket,-1
sjoske,-1
sjosken,-1
skjule,-1
slå,-1
slæber,-1
slæbte,-1
slog,-1
sloges,-1
sørgede,-1
spørgsmålstegn,-1
støn,-1
stønnede,-1
stoppe,-1
stopper,-1
stoppet,-1
strejke,-1
svær,-1
tilbad,-1
tilbagetog,-1
tilbede,-1
tilbeder,-1
tilbedt,-1
tom,-1
tomhed,-1
tomt,-1
toppes,-1
trække,-1
trækkes,-1
trodsig,-1
trodsigt,-1
tvivl,-1
tvivle,-1
tvivlede,-1
tvivler,-1
tvivlet,-1
uafviklede,-1
uafviklet,-1
ubalance,-1
ubekræftede,-1
ubekræftet,-1
ubekymret,-1
udnytte,-1
udsættelsesforretninger,-1
udsætter,-1
udsat,-1
udskyde,-1
udskydelse,-1
udsmid,-1
ukrediteret,-1
ulige,-1
undervurdere,-1
undervurderer,-1
undervurderet,-1
undgå,-1
undgår,-1
undgås,-1
undskyldninger,-1
undskyldningerne,-1
undslap,-1
undslippe,-1
undslipper,-1
unødvendig,-1
unødvendige,-1
unødvendigt,-1
utide,-1
uvist,-1
væve,-1
vaklende,-1
ventede,-1
venter,-1
absorbere,0
absorberede,0
absorberer,0
absorberet,0
afgørende,0
afhængigt,0
ak,0
aktiver,0
ambivalent,0
appellere,0
appellerede,0
appellerer,0
appelleret,0
arbsorbere,0
avanceret,0
badass,0
betale,0
betaler,0
betalt,0
blok,0
bort,0
brutto,0
censor,0
diskonteret,0
efterlevende,0
efterspørgsel,0
eksponere,0
enker,0
fad,0
fik,0
flydende,0
fucking,0
genudsætning,0
gider,0
gnistre,0
hacker,0
hængende,0
hid,0
højtidelig,0
ironi,0
kæmpe,0
knappe,0
konfektionerede,0
lol,0
lysstyrke,0
mødt,0
nedkøling,0
offline,0
omfattende,0
plejer,0
rigeligt,0
rigligt,0
ryddet,0
smagsdommere,0
titlen,0
toppen,0
understregede,0
vidtgående,0
scoop,0
acceptere,1
accepterede,1
accepterer,1
accepteres,1
accepteret,1
aftale,1
aftalt,1
afvente,1
afventede,1
afventer,1
agte,1
agter,1
agtet,1
aktiv,1
aktivt,1
ånd,1
bakkes,1
bede,1
bedende,1
beder,1
begå,1
begået,1
begår,1
bestemt,1
bevar,1
bevare,1
bevares,1
bevaret,1
blåstempel,1
blåstemple,1
blåstemplede,1
blåstempler,1
blåstemplet,1
byder,1
diamant,1
eksklusiv,1
ekspanderer,1
energi,1
engagere,1
engagerer,1
enorm,1
entusiast,1
entusiaster,1
etisk,1
etiske,1
fed,1
fitness,1
fjolle,1
flagskib,1
følelse,1
forebygge,1
forebygges,1
foregribelse,1
forhåbentlig,1
forlænge,1
forpligte,1
forpligter,1
forpligtet,1
forsigtig,1
forsigtige,1
forsigtigt,1
forsikrede,1
forsikrer,1
forsvar,1
forsvaret,1
fremme,1
fremmer,1
fri,1
fritage,1
fritager,1
frivillig,1
frivilligt,1
fuldføre,1
fuldfører,1
fuldføres,1
fuldført,1
garantere,1
garanterede,1
garanterer,1
garanteret,1
garanti,1
genoprette,1
genskaber,1
gnist,1
gnisten,1
gnister,1
håbede,1
helst,1
hilse,1
hilsen,1
hilsner,1
hilste,1
hit,1
indrømme,1
indrømmer,1
indrømmet,1
intens,1
intenst,1
interesse,1
interesser,1
invitere,1
inviterede,1
inviterer,1
inviteret,1
ja,1
juvel,1
juveler,1
klar,1
klart,1
komedie,1
lancere,1
lancerede,1
lanceret,1
let,1
lette,1
lide,1
lindre,1
lindrende,1
lindrer,1
lo,1
løfte,1
løse,1
løser,1
løsning,1
løsninger,1
løst,1
lunefuld,1
lyse,1
meditation,1
meditative,1
mildne,1
motivation,1
mousserende,1
myndighed,1
nå,1
nåde,1
når,1
naturlig,1
naturligt,1
nem,1
nemt,1
nomineret,1
oase,1
oasen,1
oaser,1
øge,1
øgede,1
øger,1
ombord,1
omhu,1
omhyggelig,1
opnåelige,1
opnåeligt,1
opslugt,1
optjene,1
optjent,1
overbevise,1
overbeviser,1
overbevist,1
overbeviste,1
passe,1
pleje,1
præcisere,1
præciserede,1
præciserer,1
præciseres,1
præciseret,1
privilegeret,1
råd,1
rådgive,1
restaureret,1
retlige,1
rig,1
rige,1
ry,1
rydder,1
sand,1
seriøse,1
seværdigheder,1
seværdigt,1
signifikant,1
signifikante,1
sikre,1
steg,1
stimulere,1
stimulerer,1
stimuleret,1
stole,1
størst,1
sværge,1
sværger,1
tankevækkende,1
tilhængere,1
tilladelse,1
tillader,1
tilskud,1
tilskyndet,1
tilstrækkelig,1
tilstrækkelige,1
tilstrækkeligt,1
tiltrække,1
tiltrækker,1
tiltrak,1
top,1
toppe,1
tro,1
tydelig,1
tydelige,1
tydeligt,1
ubekymrede,1
udfordringen,1
udfordringerne,1
udforskning,1
udforskninger,1
udnævnt,1
udvide,1
undskyld,1
undskylde,1
undskylder,1
undskyldning,1
undskyldte,1
væsentlig,1
varm,1
varme,1
varmest,1
vedtage,1
vedtager,1
vedtaget,1
villigt,1
virksom,1
vision,1
visioner,1
visioning,1
vitamin,1
vittighed,1
voksende,1
ære,2
æren,2
æret,2
ærlig,2
ærligt,2
afklaring,2
afslappende,2
afslappet,2
afspænding,2
afværge,2
afværgede,2
afværges,2
afværget,2
ambitiøs,2
ambitiøse,2
ambitiøst,2
anbefale,2
anbefalede,2
anbefaler,2
anbefaling,2
anbefalingen,2
anbefalinger,2
anbefalingerne,2
åndrig,2
åndrige,2
åndrigt,2
anerkendelse,2
anerkendelsen,2
anerkendelser,2
anerkendelserne,2
anerkendt,2
anerkendte,2
ansvarlig,2
ansvarligt,2
ansvarsbevidst,2
årvågen,2
årvågent,2
årvågne,2
attraktion,2
barmhjertighed,2
barmhjertigheden,2
barmhjertigheds,2
bedre,2
bedste,2
befrielse,2
befrielsen,2
befrielsens,2
befrielser,2
befrielserne,2
befriende,2
begejstre,2
begejstrede,2
begejstrer,2
begejstres,2
begejstret,2
begunstiget,2
behage,2
behagede,2
behagelig,2
behageligt,2
behager,2
bekræfte,2
bekræftelse,2
bekræfter,2
bekvem,2
bekvemmelig,2
bekvemmelighed,2
bekvemmeligheder,2
bekvemmelighederne,2
bekvemmeligt,2
bekvemt,2
belønne,2
belønnet,2
belønning,2
belønningen,2
belønninger,2
belønningerne,2
bemærkelsesværdig,2
bemærkelsesværdige,2
bemærkelsesværdigt,2
benådet,2
benådning,2
berettiget,2
berolige,2
beroligede,2
beroligende,2
beroliger,2
beroliget,2
berømmelse,2
berømt,2
beskytte,2
beskytter,2
beskyttet,2
betagende,2
betaget,2
betroet,2
betryggende,2
betydning,2
betydningsfuld,2
betydningsfuldt,2
beundre,2
beundrede,2
beundrende,2
beundrer,2
beundret,2
beundring,2
beundringen,2
bifald,2
bifalde,2
bifalder,2
bifaldt,2
blid,2
blide,2
blockbuster,2
boost,2
boostet,2
bortrykket,2
brændende,2
brilliant,2
catchy,2
chance,2
chancen,2
chancer,2
charme,2
charmerende,2
comeback,2
comebacket,2
dedikeret,2
dejlig,2
donere,2
donerede,2
donerer,2
doneres,2
doneret,2
dristig,2
dristigt,2
drøm,2
drømme,2
drømmer,2
dulme,2
dydige,2
dygtig,2
dygtige,2
dygtigere,2
dygtigst,2
dygtigt,2
dyrebar,2
dyrebare,2
dyrebart,2
effektiv,2
effektive,2
effektivt,2
eftertænksom,2
eftertragtede,2
eftertragtet,2
eksklusive,2
eksklusivt,2
ekstase,2
ekstatisk,2
elegant,2
elske,2
elskede,2
elskelig,2
elskelige,2
elsker,2
elsket,2
eminent,2
eminente,2
empatisk,2
empatiske,2
energisk,2
enestående,2
engagement,2
engagerede,2
engageret,2
enig,2
enige,2
enighed,2
enigt,2
entusiastisk,2
entusiastiske,2
eufori,2
euforisk,2
eventyr,2
eventyrlyst,2
eventyrlystne,2
evne,2
evner,2
excellence,2
fabelagtig,2
fabelagtige,2
fabelagtigt,2
fantastisk,2
fantastiske,2
fascinere,2
fascinerende,2
fascinerer,2
fascineret,2
favorisere,2
favoriserer,2
favorit,2
favoritter,2
fedt,2
fejre,2
fejrede,2
fejrer,2
fejres,2
fejret,2
ferm,2
fermt,2
fest,2
festlig,2
festlige,2
festligst,2
festligste,2
festligt,2
fiks,2
fin,2
fine,2
fint,2
flerstrengede,2
flerstrenget,2
flot,2
fokuseret,2
forbavse,2
forbavsende,2
forbavset,2
forbedre,2
forbedrer,2
forbedret,2
forbedring,2
forberedt,2
forbillede,2
forbilleder,2
forbilledet,2
forbløffende,2
forbløffet,2
fordel,2
fordele,2
fordelen,2
fordelene,2
fordragelighed,2
forene,2
forenet,2
foretrække,2
foretrækker,2
foretrak,2
foretrukken,2
forførende,2
forfremmelse,2
forfremmet,2
forgabelse,2
forkæle,2
forlig,2
forlige,2
forlystelse,2
forlystelser,2
forlystelserne,2
formilde,2
formilder,2
formildet,2
fornøjelse,2
fornøjelsen,2
fornøjelser,2
fornøjelserne,2
forsikret,2
forsikring,2
forskønne,2
forsvarede,2
fortjent,2
fortrøstning,2
fortrøstningsfuld,2
fortrøstningsfuldt,2
fortryllede,2
fortryllet,2
forunderlige,2
fred,2
fredelig,2
fredeligt,2
freden,2
fredfyldt,2
fredfyldte,2
frejdig,2
frejdigt,2
fremdrift,2
fremhæve,2
fremragende,2
fremskridt,2
fremskridtene,2
fremskridtsvenlig,2
fremtrædende,2
frifundet,2
frihed,2
frikende,2
frikender,2
frikendt,2
frirum,2
frisk,2
fryd,2
fryde,2
frydede,2
frygtløs,2
frygtløst,2
ftw,2
fuldender,2
funkler,2
funny,2
gå-på-mod,2
gå-påmod,2
gæstfri,2
gæstfrihed,2
gæstfriheden,2
galant,2
gåpåmod,2
gåpåmodet,2
gave,2
gavmild,2
gavmilde,2
gavmildt,2
gavn,2
gavne,2
gavnet,2
generøs,2
generøse,2
generøst,2
genial,2
geniale,2
genialt,2
gennembrud,2
gennembrudene,2
gennembrudet,2
gennemført,2
genoplive,2
genopliver,2
gevinster,2
glad,2
glade,2
gladere,2
gladest,2
glæde,2
glædelig,2
glædeligt,2
glæden,2
glæder,2
glamourøs,2
glamourøse,2
glans,2
glødende,2
god,2
godhed,2
godkende,2
godkendelse,2
godkender,2
godkendt,2
godt,2
godtage,2
godtager,2
godtaget,2
godtgjorde,2
godtgøre,2
godtog,2
grand,2
grine,2
griner,2
grinern,2
ha,2
håb,2
håbe,2
håbefuld,2
håbefulde,2
håbefuldt,2
håber,2
hæder,2
hæderlig,2
hæderligt,2
hædersbevisning,2
hædersbevisningen,2
hædret,2
hæger,2
haha,2
hahaha,2
hahahah,2
handlekraft,2
handlekraften,2
hårdføre,2
hårdtarbejdende,2
heaven,2
held,2
heldig,2
heldige,2
heldigere,2
heldigt,2
heldigvis,2
helliget,2
heltemodig,2
hengiven,2
hengivenhed,2
hengivenheden,2
hengivent,2
henrykke,2
henrykkelse,2
henrykt,2
hepper,2
herlig,2
herlige,2
herlighed,2
herligt,2
himmelhenrykt,2
himmelsk,2
himmelske,2
hjælp,2
hjælpe,2
hjælper,2
hjalp,2
hjertelig,2
hjertelighed,2
hjertevarmende,2
hjulpet,2
høflig,2
høflige,2
høflighed,2
høfligheden,2
høfligt,2
højligt,2
humor,2
humørfyldt,2
humoristisk,2
hurra,2
hurtig,2
hurtigere,2
hurtigst,2
hurtigt,2
hygge,2
hylde,2
hyldede,2
hylder,2
hyldest,2
hyldesten,2
hyldet,2
imponere,2
imponerende,2
imponerer,2
imponeret,2
inderlig,2
inderligt,2
indflydelse,2
indflydelsesrig,2
indflydelsesrige,2
initiativrig,2
innovation,2
innovativ,2
innovative,2
innovativt,2
innovere,2
innoverer,2
inspiration,2
inspirere,2
inspirerende,2
inspirerer,2
inspireret,2
intakt,2
integritet,2
intelligent,2
intelligente,2
interessant,2
interessante,2
interesserede,2
ivrig,2
joke,2
jovial,2
jubel,2
jublede,2
jublende,2
jubler,2
kær,2
kære,2
kærest,2
kæreste,2
kærkommen,2
kærkomne,2
kærlig,2
kærlige,2
kærlighed,2
kærligst,2
kærligste,2
kærligt,2
klappe,2
klappede,2
klapper,2
klarhed,2
knus,2
komfortable,2
kompetent,2
kompliment,2
komplimenter,2
komplimentere,2
konkurrencedygtig,2
korrekt,2
korrekte,2
kraftfuld,2
lækker,2
lækkert,2
lækre,2
lærerig,2
lærerigt,2
lattervækkende,2
legende,2
lettelse,2
lettet,2
levende,2
lidenskabelig,2
ligevægt,2
ligevægten,2
livlig,2
livligt,2
livsmod,2
livsvigtig,2
lmao,2
lmfao,2
lønforhøjelse,2
lovende,2
lover,2
lovet,2
lovlig,2
lovligt,2
lovprisning,2
lovprisningen,2
lovprisninger,2
lovprisningerne,2
loyal,2
loyale,2
loyalitet,2
loyalt,2
lukrativ,2
lukrative,2
lukrativt,2
luksus,2
lydhør,2
lykke,2
lykkedes,2
lykkelig,2
lykkelige,2
lykkeligt,2
lykken,2
lykkens,2
lykkes,2
lykønske,2
lykønskede,2
lykønsker,2
lykønsket,2
lykønskning,2
lyksalighed,2
lyseste,2
maleriske,2
medalje,2
medfølende,2
medynk,2
meningsfuld,2
meningsfulde,2
meningsfuldt,2
menneskelig,2
menneskelige,2
menneskeligt,2
mesterværk,2
mesterværker,2
metodisk,2
mild,2
mildt,2
mindeværdig,2
mindeværdige,2
mindeværdigt,2
mirakel,2
miraklerne,2
miraklet,2
mirakuløst,2
miskundhed,2
miskundheden,2
miskundheder,2
miskundheders,2
miskundsom,2
miskundsomme,2
moden,2
modent,2
modig,2
modige,2
modigst,2
modigt,2
modne,2
morede,2
morskab,2
motivere,2
motiverede,2
motiverende,2
mulighed,2
muligheder,2
mulighederne,2
munter,2
munterhed,2
muntre,2
nådig,2
nådigt,2
nidkær,2
nobel,2
nobelt,2
nyd,2
nyde,2
nydelse,2
nyder,2
nysgerrig,2
nysgerrige,2
nytænkning,2
nytten,2
nyttig,2
nyttige,2
nyttigt,2
offervilje,2
offerviljen,2
offerviljens,2
offervillig,2
offervillighed,2
offervilligheden,2
offervilligt,2
økovenlig,2
økovenligt,2
omfavne,2
omfavnede,2
omfavner,2
omfavnet,2
omtanke,2
omtanken,2
ønske,2
ønskede,2
ønskelig,2
ønskelige,2
ønskeligt,2
ønsker,2
ønsket,2
opbakning,2
opfylde,2
opfylder,2
opfyldt,2
oplagt,2
oplyse,2
oplyser,2
oplyst,2
opmuntre,2
opmuntret,2
opmuntrede,2
opmuntrende,2
opmuntring,2
opnå,2
opnået,2
opnår,2
oprigtig,2
oprigtighed,2
oprigtigste,2
oprigtigt,2
opsøgende,2
opstemt,2
opstemte,2
opstemthed,2
optimisme,2
optimismen,2
optimistisk,2
optimistiske,2
overdådig,2
overdådige,2
overdådigt,2
overlevede,2
overlevende,2
overlevet,2
overraske,2
overrasker,2
overstrømmende,2
overvandt,2
overvinde,2
overvinder,2
pæn,2
pæne,2
pænt,2
paradis,2
paradiset,2
paradisisk,2
paradisiske,2
påskøn,2
påskønne,2
påskønnelse,2
påskønner,2
påskønnet,2
påtegne,2
perfekt,2
perfekte,2
perfektioneret,2
populær,2
populære,2
populært,2
positiv,2
positive,2
positivitet,2
positivt,2
præcis,2
præcise,2
præcist,2
præmie,2
præmien,2
præmier,2
præmiere,2
præmierede,2
præmieret,2
præmierne,2
pragtfulde,2
pragtfuldt,2
prisværdig,2
prisværdige,2
prisværdigt,2
proaktiv,2
proaktivt,2
publikumsucces,2
publikumsuccessen,2
publikumsuccesser,2
publikumsuccesserne,2
pulserende,2
rar,2
ratificeret,2
reddede,2
redder,2
reddet,2
redning,2
rednings,2
ren,2
renere,2
rent,2
resolut,2
respekt,2
respektere,2
respekteret,2
respektfuld,2
respektfulde,2
respektfuldt,2
retfærdig,2
retfærdige,2
retfærdiggjort,2
retfærdiggør,2
retfærdiggøre,2
retfærdighed,2
retfærdigt,2
revolutionerede,2
revolutionerende,2
revolutioneret,2
rigdom,2
robust,2
rofl,2
roflcopter,2
roflmao,2
rolig,2
rolige,2
roligere,2
roligst,2
roligt,2
romance,2
ros,2
rose,2
rosende,2
roser,2
roste,2
rotfl,2
rotflmfao,2
rotflol,2
røverkøb,2
saglig,2
sagligt,2
salig,2
samhørrighed,2
sammenhold,2
sammenholdet,2
sammenholdt,2
samtykke,2
samtykker,2
samvittighedsfuld,2
samvittighedsfuldt,2
sandheden,2
sandt,2
selvbevidst,2
sensationel,2
sensationelle,2
sensationelt,2
seriøs,2
sexy,2
sikker,2
sikkerhed,2
sikrer,2
sikret,2
sikring,2
sjov,2
sjovere,2
sjovest,2
sjovt,2
skatte,2
skattede,2
skelsættende,2
skønhed,2
skønheden,2
skønheder,2
skoop,2
smart,2
smartere,2
smarteste,2
smil,2
smile,2
smilede,2
smilende,2
smiler,2
smilte,2
smuk,2
smukke,2
smukkere,2
smukkest,2
smukkeste,2
smukt,2
sød,2
søde,2
sødest,2
sødt,2
sofistikeret,2
solid,2
solidaritet,2
solskin,2
spændende,2
spændt,2
spar,2
sparet,2
spøgefuld,2
spritny,2
spritnye,2
spritnyt,2
stabil,2
stabile,2
stabilt,2
stærk,2
stærkere,2
stærkest,2
stærkeste,2
stærkt,2
standhaftige,2
stoler,2
stolt,2
stolte,2
storhed,2
storslået,2
støtte,2
støtten,2
støttende,2
støtter,2
strålende,2
styrke,2
styrkelse,2
styrker,2
styrket,2
succes,2
succesen,2
successen,2
sund,2
super,2
superb,2
superbe,2
superior,2
supersmilende,2
supporter,2
sympati,2
sympatien,2
sympatier,2
sympatisk,2
sympatiske,2
tak,2
takke,2
takkede,2
takker,2
taknemmelig,2
taknemmelighed,2
talent,2
talenter,2
talenterne,2
talentet,2
talentfuld,2
talentfulde,2
talentfuldt,2
tålmod,2
tålmodig,2
tålmodige,2
tålmodigt,2
tapperhed,2
tappert,2
teamspirit,2
tildelt,2
tilfreds,2
tilfredse,2
tilfredshed,2
tilfredsstillelse,2
tilfredsstillet,2
tilgive,2
tilgiver,2
tilgivet,2
tillid,2
tillykke,2
tilsidesat,2
tilskynde,2
tilskynder,2
tilskyndes,2
tiltrækkende,2
tiltrængt,2
tiltrængte,2
tiltro,2
tolerance,2
tolerancen,2
tolerant,2
triumf,2
triumfen,2
triumfer,2
triumferende,2
triumferne,2
trofast,2
trofaste,2
trofasthed,2
trøst,2
trøstende,2
trøster,2
tryg,2
trygt,2
turde,2
turdet,2
tv-succes,2
tv-successer,2
udemærket,2
udholden,2
udholdenhed,2
udmanøvrere,2
udødelig,2
udødelige,2
udødeliggjorde,2
udødeliggjort,2
udødeliggøre,2
udrette,2
udretter,2
udrettet,2
uegennyttig,2
ufejlbarlig,2
ufejlbarligt,2
uforfærdede,2
uforfærdet,2
uforgængelig,2
uforgængelige,2
uforgængeligt,2
uforglemmelig,2
uforglemmelige,2
uforglemmeligt,2
uimodståelig,2
uimodståelige,2
uimodståeligt,2
underholde,2
underholdende,2
underholdning,2
underholdt,2
understøtter,2
understøttet,2
ungdommelig,2
ungdommelige,2
ungdommeligt,2
uovertruffen,2
uovervindelig,2
uovervindeligt,2
uplettet,2
usårlig,2
usårlige,2
usårlighed,2
usårligt,2
usnerpede,2
usnerpet,2
usnoppede,2
usnoppet,2
ustoppelig,2
usvækkede,2
usvækket,2
usvigelig,2
usvigelige,2
usvigeligt,2
uvurderlig,2
uvurderlige,2
uvurderligt,2
vækst,2
vækster,2
væksthåb,2
værd,2
værdifuld,2
værdifuldt,2
værdig,2
værdige,2
værdigt,2
værdistigning,2
værdistigningen,2
værdsætte,2
værdsat,2
værner,2
validere,2
validerer,2
valideret,2
validering,2
vandt,2
varmende,2
velbefindende,2
velbegrundet,2
veldækkede,2
veldækket,2
velduftende,2
velegnede,2
velegnet,2
veletabledet,2
veletablerede,2
veletableret,2
velforarbejdede,2
velforarbejdet,2
velforberedt,2
velforberedte,2
velformulerede,2
velformuleret,2
velfornøjede,2
velfornøjet,2
velfortjent,2
velfortjente,2
velfungerende,2
velgående,2
velgjort,2
velgørende,2
velhængt,2
velhavende,2
velholdt,2
velholdte,2
velindrettede,2
velindrettet,2
velinformeret,2
velkendt,2
velkendte,2
velkommen,2
vellidt,2
vellidte,2
vellykket,2
velmodtaget,2
velnærede,2
velnæret,2
velopdragen,2
veloplyst,2
velordnede,2
velordnet,2
veloverståede,2
veloverstået,2
velovervejet,2
velplaceret,2
velplejede,2
velplejet,2
velprøvede,2
velprøvet,2
velsigne,2
velsignelse,2
velsigner,2
velsignet,2
velstående,2
velstand,2
velstegt,2
velsyngende,2
veltilfreds,2
veludført,2
velvære,2
venlig,2
venlighed,2
venligheden,2
venligst,2
venligt,2
vidunder,2
vidundere,2
vidunderlig,2
vidunderlige,2
vidunderligt,2
vild,2
vildeste,2
vildt,2
villighed,2
vinde,2
vindende,2
vinder,2
virkelyst,2
visionær,2
vitalitet,2
vittigheder,2
vundet,2
win,2
win-win,2
winwin,2
yde,2
ydet,2
yeah,2
yeees,2
yees,2
yes,2
ynde,2
ynder,2
yndig,2
yndigt,2
yummy,2
venligboer,-2
uhøflig,-2
uhøfligt,-2
uhøflige,-2
tæsk,-2
venligboerne,-2
kæft,-2
røvrende,-2
røvrendt,-2
knep,-2
kneppe,-2
knepper,-2
endefuld,-2
udløst,-2
afmagt,-2
svin,-2
fisse,-2
luder,-2
fjolseparti,-2
speltmødre,-2
speltmødrene,-2
curlingforældre,-2
curlingforældrer,-2
curlingforældrerne,-2
lundefuldt,-2
tard,-2
rødstrømpe,-2
feminazi,-2
feminazierne,-2
feminazier,-2
ræverøde,-2
ræverød,-2
nedslidt,-2
nedslidte,-2
udspekuleret,-2
hæler,-2
forfordelt,-2
eliten,-2
elitært,-2
kommunist,-2
kommunister,-2
terrortrussel,-2
terrorist,-2
uklogt,-2
utilgængelig,-2
utilgængeligt,-2
fusk,-2
fæl,-2
fælt,-2
besættelse,-2
feltmadras,-2
koldhjertet,-2
fup,-2
beskatning,-1
kold ,-1
helte,2
helten,2
udløsning,2
zen,2
berigende,2
velment,2
velset,2
veltænkt,2
vækste,2
karrierepolitiker,-1
karrierepolitikere,-1
karrierepolitikererne,-1
karrierepolitikerer,-1
karrierepolitik,-1
vrøvl,-1
presser,-1
valgflæsk,-2
hetz,-2
fasist ,-2
diktator,-2
diktatoren,-1
pamper,-2
fjols,-2
fjolserne,-2
fjolser,-2
torsk,-2
torskerne,-2
torsket,-2
torskedum,-2
drukmås,-2
drukmåse,-2
drukmåsen,-2
drukkenmåsen,-2
løgnepressen,-2
uenig,-1
forskruet,-1
afveje,-1
utroværdig,-2
utroværdigt,-2
utroværdige,-2
spild,-1
fat,-1
fatter,-1
fatte,-1
sherlock,-1
øh,-1
eu-cirkus,-1
føj,-2
racistkort,-1
offerkort,-1
nazikort,-1
drukenbolt,-1
jødesvin,-2
ucharmerende,-2
svin,-2
afstumpet,-1
fordrukken,-1
fordrukkent,-1
forbyd,-1
kirsebærplukke,-1
snack,1
snacks,1
superstuderende,1
misundelsesafgift,-2
misundelsesafgifte,-2
misundelsesafgifterne,-2
undgælde,-2
undgælder,-2
politikertricks,-1
politikertricksene,-1
fejlslutning,-2
fejlslutninger,-2
fejlslutningerne,-2
circlejerk,-2
uhøflig,-2
formynderskab,-2
formynderi,-2
formynderiet,-2
formynderisk,-2
afkræve,-1
afkræver,-1
afkrævet,-1
sejt,1
sejest,2
sejere,2
hjerneskade,-2
hjerneskadet,-2
dødeligt,-2
møgspræder,-2
fallibilistiske,-2
fodslæberi,-2
demotiver,-2
demotiverende,-2
demotiveret,-2
forærer,1
livsfarlig,-2
livsfarligt,-2
livsfarlige,-2
gennemtænkt,1
dommedag,-2
overfyldt,-1
ulødig,-1
ulødige,-1
ulødigt,-1
udemokratisk,-2
tilfredsstillende,2
populisterne,-2
populister,-2
populist,-2
lokkede,-1
lokket,-1
tåkrummende,-1
fængselsstraf,-1
dræbte,-2
ævlede,-2
ævlet,-2
flink,2
flinke,2
skamplet,-2
nervesammenbrud,-2
knæfald,-1
uansvarlighed,-2
religionshader,-2
påtvinge,-1
påtvunget,-1
nikkedukke,-2
nikkedukker,-2
barnagtig,-1
nedjusteret,-1
spidskandidat,1
spidskandidater,1
skadevirkninger,-1
udsætte,-1
fobi,-1
fremmes,1
korporatisme,1
smitsomme,-1
arrestere,-1
udstillet,-1
mudderkast,-2
mudderkastning,-2
rødmossede,1
engleansigt,1
engleansigter,1
formueulighed,-1
fascistoid,-2
tvangsvuggestue,-1
overbebyrdet,-2
egoer,-1
missede,-1
brugbar,1
pikachuface,-1
sølvpapirhat,-1
sølvpapirhatten,-1
sølvpapirshat,-1
sølvpapirshatten,-1
småskænderier,-1
mavesure,-2
mavesur,-2
hypokritisk,-2
ensidet,-1
ensidighed,-1
ensidigt,-1
ensidig,-1
profitable,1
perker,-1
perkere,-1
beskyttere,1
arig,-2
slagtet,-1
mareridt,-2
fantasikonstruktion,-2
aristokratisk,-1
udskiftes,-1
kaospilot,-1
håneretten,-1
forbryder,-2
snusfornuft,1
højeffektiv,2
højeffektivt,2
gavn,2
gavnlig,2
gavnligt,2
tuder,-2
tude,-2
småfusk,-1
småfusket,-1
slubberter,-2
møgprojekt,-2
hjerteanfald,-1
smartasser,-2
smartass,-2
effektivitet,2
nedlæggelse,-1
udskiller,-1
djævelske,-2
djævelsk,-2
djævel,-2
diabolsk,-2
diabolske,-2
udrense,-1
udrensning,-1
overlegenhed,-1
tåbeligste,-2
urealiseret,-1
fanatikerne,-2
bekymringen,-2
robot-præsident,-2
perverse,-1
pervers,-2
svindlen,-2
anerkende,1
kritiser,-1
rædsom,-2
neoliberalisme,-1
neoliberalister,-1
neoliberalist,-1
bidragene,2
almennyttige,2
frygtelig,-2
frygteligt,-2
asociale,-2
asocial,-2
usocial,-2
usociale,-2
forsent,-1
løjet,-2
retskafne,2
misvisende,-2
spyware,-1
spywaren,-1
populistisk,-2
plat,-2
ptsd,-1
underlig,-1
rimelighed,1
rimlig,1
nedladende,-2
ged,-1
plagiat,-2
ærgeligt,-2
fordækt,-2
omsorgssvigt,-2
racistsvin,-2
virus,-1
rådne,-2
åndssvage,-2
åndssvagt,-2
afstumpet,-2
fornuftig,2
fornuftigt,2
farlige,-2
gavner,2
folkelig,1
sviner,-2
fjernet,-1
had,-2
synd,-1
overskud,1
pokker,-1
fake,-2
diktaturstat,-2
kloge,2
træls,-2
klog,2
klogt,2
uklog,-2
ukloge,-2
døden,-1
uklædeligt,-1
forringe,-2
tyran,-2
tyranen,-2
tyraner,-2
tyranerne,-2
tyranni,-2
magtsyg,-2
magtsyge,-2
dulle,-2
dummere,-2
stikpille,-2
træskoperker,-2
paywall,-2
selvgodhed,-1
ufunderet,-1
ufleksibel,-1
ufleksibelt,-1
værdiskabelse,1
gunstig,1
livsvarig,1
populisme,-1
halvskadet,-1
utryghed,-1
pengemangel,-1
ulighed,-1
lettelser,1
trumpistisk,-2
svineri,-2
acceptabel,1
himmelstrøg,2
vennetjeneste,1
aflive,-1
afliver,-1
aflivet,-1
latterliggøres,-1
ubrugbare,-1
ubetalelig,-1
delfin,1
godfin,1
dummeste,-2
terrorisme,-2
agurketid,-1
agurketider,-1
abemås,-2
agurketud,-1
asfaltcowboy,-1
desertør,-1
dovendyr,-1
ignorant,-2
drukkenbolt,-2
forlorne,-2
slørhale,-2
sygdomsudbrud,-2
ubegribelige,-1
betingelsesløst,-1
græmmes,-1
ærlighed,1
forfald,-1
modsige,-1
modsiger,-1
godtgørelse,1
sygdomsudbrud,-1
svækkelse,-1
marrionetdukke,-2
grønskolding,-2